"","k","raw.feat.err","std.feat.err"
"1",1,0.09614,0.14288
"2",3,0.115,0.15462
"3",5,0.131,0.16182
"4",7,0.14168,0.1687
"5",9,0.151,0.17454
"6",11,0.16178,0.17888
"7",13,0.16862,0.18362
"8",15,0.17636,0.18704
"9",17,0.1835,0.19074
"10",19,0.18976,0.19442
"11",21,0.19416,0.1975
