"Cost","Gamma","Support Vectors","Error"
0.03125,3.0517578125e-05,45733,0.50818
0.125,0.0001220703125,45616,0.50818
0.5,0.00048828125,45279,0.37546
2,0.001953125,36588,0.29504
8,0.0078125,31731,0.26848
32,0.03125,28244,0.22878
128,0.125,23796,0.16994
512,0.5,18716,0.07818
2048,2,19748,0.00578
8192,8,31445,0
32768,32,46011,0
