"","Cost","Gamma","Support Vectors","Error"
"1",462,0.7,18590,0.06226
"2",472,0.87,18574,0.05058
"3",482,1.04,18676,0.04238
"4",492,1.21,18991,0.03442
"5",502,1.38,19247,0.02898
"6",512,1.55,19664,0.02418
"7",522,1.72,19967,0.0203
"8",532,1.89,20299,0.0172
"9",542,2.06,20617,0.01382
"10",552,2.23,20943,0.0113
"11",562,2.4,21233,0.0092
